<?xml version="1.0" encoding="UTF-8"?>
<metadata xml:lang="zh"><Esri><CreaDate>20161021</CreaDate><CreaTime>11491500</CreaTime><ArcGISFormat>1.0</ArcGISFormat><SyncOnce>TRUE</SyncOnce><DataProperties><itemProps><itemLocation><linkage Sync="TRUE">file://\\PC-20160223QXUC\D\DATA 2014\整理数据\交通数据\地铁轻轨_polyline</linkage><protocol Sync="TRUE">Local Area Network</protocol></itemLocation></itemProps><copyHistory><copy source="D:\DATA 2014\1(1)_46398\地铁轻轨_polyline" dest="\\PC-20160223QXUC\D\DATA 2014\整理数据\交通数据\地铁轻轨_polyline" date="20161021" time="11491500"></copy></copyHistory></DataProperties></Esri></metadata>
